Name;Likes;Dislikes;Views;Pub_date
 D√≠a 23, con Miguel Iribar;79;7;774;2020-04-04
 La ropa - Programa #2 grabado desde casa;36;2;499;2020-04-04
 D√≠a 22, con Nacho Garc√≠a, Virginia Riezu y Ana Bravo;228;3;6876;2020-04-03
Cofondecauch (on de cauch) 06;24;2;646;2020-04-03
‚Äå ¬øC√≥mo ayudar con el COVID19? - La iniciativa 'Cuando Volvamos';6;2;294;2020-04-03
YO INTERNETO cerrado por Coronavirus #4.5;67;4;3189;2020-04-03
 D√≠a 21, con Cristina Bosc√°;172;12;7263;2020-04-02
 Con Pepo Marquez (tercera parte);16;1;554;2020-04-02
YO INTERNETO cerrado por Coronavirus #4;22;49;1763;2020-04-02
 I√±ako D√≠az-Guerra y el Ardaturanismo;82;4;2064;2020-04-02
 D√≠a 20, con David Sainz y Dr. Cavan;185;2;8370;2020-04-01
Cofondecauch (on de cauch) 05;35;4;669;2020-04-01
 La chica del pico de la curva - Con Carolina Iglesias, Antonio Lorente y etc;54;2;1818;2020-04-01
 D√≠a 19, con √Ålvaro Carmona;149;14;7382;2020-03-31
 Especial Los Simpson (I);22;3;940;2020-03-31
YO INTERNETO cerrado por Coronavirus #3;171;10;5517;2020-03-30
 D√≠a 18, con Yunez Chaib, Nacho Garc√≠a y Virginia Riezu;194;5;7599;2020-03-30
Cofondecauch (on de cauch) 04;35;2;950;2020-03-30
 La Formaci√≥n en Impro, con Pablo Pundik;10;0;359;2020-03-30
YO INTERNETO cerrado por Coronavirus #2;106;6;4903;2020-03-30
 El once ideal de paquetes que han ganado el Mundial;56;5;1872;2020-03-30
YO INTERNETO cerrado por Coronavirus #1;135;5;5930;2020-03-29
 D√≠a 17, con Jaime Barreiro e Ignasi Taltavull;193;7;8504;2020-03-29
 Filias confinadas;25;7;1251;2020-03-28
 Prisioneros - Programa #1 grabado desde casa;214;4;4679;2020-03-28
 D√≠a 16, s√°bado sabadete;189;34;9309;2020-03-28
 D√≠a 15, con Larry, Urko y Galder;171;7;9448;2020-03-27
Cofondecauch (on de cauch) 03;40;0;1148;2020-03-27
 M√°s series y salsa Valentina;5;5;376;2020-03-27
 Aar√≥n G√≥mez y las ligas que perdi√≥ el Madrid en Tenerife;63;0;1590;2020-03-27
 D√≠a 14, con Carolina Iglesias y Victoria Mart√≠n;185;10;9133;2020-03-26
 Primer podcast HOME EDITION;17;2;1010;2020-03-26
 D√≠a 13, en un s√∫per de EEUU;247;8;9064;2020-03-25
 Pere Aznar: Le dije a Ana Rosa que me la fo***r√≠a encantado;49;1;1765;2020-03-25
 ¬°Viva Gobernador! - Con Yunez Chaib, In√©s Hernand, Ricardo, etc;49;8;2639;2020-03-25
 D√≠a 12, con Huedo e I√±aki Cano;168;7;8164;2020-03-24
 D√≠a 11, con Salva Esp√≠n;217;7;9328;2020-03-23
Cofondecauch (on de cauch) 02;40;1;1593;2020-03-23
 La Corporalidad en la Impro, con Raquel Racionero;13;0;511;2020-03-23
 Maravillosa minor√≠a de paquetes (Sarri√° edition);83;1;1673;2020-03-23
 Entrevista con Enrique Wasabi, Joel √Ålvarez e Ilia Topuria;140;2;2351;2020-03-23
 D√≠a 10, con Nacho Garc√≠a, Virginia Riezu y Dr. Cavan;232;9;9665;2020-03-22
 D√≠a 9, fiesta de s√°bado noche;200;19;9500;2020-03-21
 D√≠a 8, con Nacho Garc√≠a y Dr. Cavan;206;9;10.573;2020-03-20
 Las dos mayores estafas de la historia del f√∫tbol;79;1;2335;2020-03-20
Cofondecauch (on de cauch) 01;67;1;2116;2020-03-20
 Especial peleas de supermercado;15;4;868;2020-03-20
‚Äå Enfermera infectada por coronavirus: ‚ÄúEstamos peor que en una guerra‚Ä¶ ‚Äù;126;8;6941;2020-03-20
 D√≠a 7, con Xavi Daura;255;12;10.275;2020-03-19
 Con Eme Dj;20;2;958;2020-03-19
 Dedicado, pero no ofrendado;53;3;2054;2020-03-19
 D√≠a 6, con Nacho Garc√≠a;222;1;10.332;2020-03-18
 D√≠a 5, con Rober Bodegas, Manuel Bartual y Elsa Ru√≠z;195;8;10.966;2020-03-17
 Los secretos de UFC desde dentro, con Juan Cardenas;121;1;1486;2020-03-17
 Especial Apocalipsis;4;1;330;2020-03-17
 Facu D√≠az: ¬øY ahora qu√©?;250;15;12.942;2020-03-17
 Especial Rayo Vallecano;129;0;3306;2020-03-17
 D√≠a 4, con Eva Soriano y Pep√≥n Fuentes;219;10;10.517;2020-03-16
Cofondecauch (on de cauch) 00;114;0;2123;2020-03-16
 Impro Multidisciplinar, con Marcio Ballas;23;0;703;2020-03-16
 D√≠a 3, con Maldonado, Danny Boy y Dr. Cavan;277;12;11.930;2020-03-15
 D√≠a 2, con Kaco y Nus Cuevas;287;7;14.299;2020-03-14
 Juegos, con Maya Pixelskaya;180;2;5840;2020-03-14
  El Virtual le duele el alma;351;10;16.101;2020-03-14
 D√≠a 1, con Tom√°s Fuentes y Larry;454;12;19.261;2020-03-13
 A Very English Scandal;6;1;327;2020-03-13
‚Äå Onroad o c√≥mo sacarte el carnet de conducir online üöó üìö;6;3;343;2020-03-13
 Gestaci√≥n subrogada - con Lorena Fern√°ndez;42;8;1194;2020-03-12
 Con La Trinchera y Mery Llorente;17;2;763;2020-03-12
 El peor once de la historia del Barcelona;119;3;3787;2020-03-12
 Protoprograma - con Pep√≥n Fuentes;52;5;2311;2020-03-11
 Fuma, bebe, habla... (de cine);106;3;5146;2020-03-10
 La mejor pelea de wmma de la historia;123;3;2888;2020-03-09
 Teresa Rabal (parte 2), canciones infantiles y Celia agredida;25;3;1109;2020-03-09
 Los Estilos en la Impro, con Borja Cort√©s;26;2;1048;2020-03-09
 Nuevo Animal Crossing con Cristina;42;1;997;2020-03-09
 Repartiendo ilusiones #maestrofrio;484;10;19.174;2020-03-08
 Eligio R. Montero. Laura;49;2;1492;2020-03-08
 Ojal√° lo supieran Los Vinagres;63;1;1803;2020-03-08
 Un parque del que no puedes escapar;457;8;16.943;2020-03-08
 Fiambrera y a follar;21;2;1246;2020-03-07
 Batman, con David Su√°rez;240;11;7818;2020-03-07
 Fernando Le√≥n de Aranoa y la periferia;18;2;576;2020-03-07
 ESPECIAL 8M - CONCILIACI√ìN con Patricia Merino y Mam√° Jurista;33;8;1069;2020-03-07
 Mujeres realizadoras;11;7;431;2020-03-06
‚Äå Diplomatic Brand y c√≥mo reconocer zapatos de calidad üëûüïµÔ∏è‚Äç‚ôÇÔ∏è;15;3;491;2020-03-06
 Con Carlos (S√¥ber);39;2;1277;2020-03-05
 Kaco en 'Cofon de Juegos', jugamos al Fiasco;110;5;3958;2020-03-05
 Nene: As√≠ es la vida de un futbolista;165;8;4986;2020-03-05
 Urko ha muerto - con Eva Soriano;80;4;3471;2020-03-04
 Elizabeth Duval + Iggy Rub√≠n: Aqu√≠, filosofando;179;15;8938;2020-03-04
 Adesanya vs Yoel Romero con Dani B√°rez;146;5;3116;2020-03-03
 Victoria Mart√≠n: No soy una buena persona;354;15;13.593;2020-03-03
 Formatos Estructurados Vs Free Form, con Omar Argentino Galv√°n;26;2;1084;2020-03-02
 Final Fantasy VII y el escroto de Mario;42;5;1029;2020-03-02
 √Ångeles Gonz√°lez Sinde. El extra√±o viaje;59;9;1698;2020-03-01
 Aniversarios - ¬°Cumplimos un a√±o!;179;2;4267;2020-02-29
‚Äå Producir el v√≠deo de Tusa de Karol G. - Cris Trenas e Isa Delclaux üé∂üé¨;12;4;474;2020-02-29
 Isaac Corrales y cuando tu equipo baja a tercera;118;4;3299;2020-02-28
 Con C√©sar Strawberry y Roge de Madrid es Negro;43;2;1608;2020-02-27
 Jes√∫s Arjona, el √°rbitro de Espa√±a;79;3;1294;2020-02-27
 El Coronavirus con Ester L√°zaro;54;5;2666;2020-02-27
 Ra√∫l P√©rez: El CBD es beneficioso y me parece fundamental regularlo;86;0;3259;2020-02-26
 Test Bravo - con Alberto Casado;58;0;2254;2020-02-26
 Miguel Campos Gal√°n: Phienop√°tico Ambulante;273;5;12.648;2020-02-25
 Cheeto nos lleva a los barrios bajos de la internet;103;6;2497;2020-02-25
 Teresa Rabal (parte 1), un baby rosa y ¬°un EMBARAZO!;32;1;1152;2020-02-24
 ¬°WAR OF TITANS 2! - LA PREVIA;67;2;1699;2020-02-24
 Herramientas de Edici√≥n, con Juanma D√≠ez;39;4;1578;2020-02-24
 Especial un a√±o de Interneto;640;11;22.311;2020-02-24
 I√±aki Cano Mart√≠nez. El Golpe;61;3;2073;2020-02-23
 Pintores, venganza y esp√≠as;166;4;5054;2020-02-23
 Ap√°tic@ no, asexual;33;3;1212;2020-02-22
 Eva Mir y el teatro;13;3;608;2020-02-22
 La cancelaci√≥n del MWC;69;3;1164;2020-02-22
 Uncut Gems: Adam Sandler y el domingo de perd√≥n;7;1;665;2020-02-21
 Cristina Ferrer - De fisioterapia a batch cooking üë©‚Äçüç≥ü•£;10;2;494;2020-02-21
 Con I√±aki de la Torre;29;1;1092;2020-02-20
 Litos y Antonio Lorente, Black Stories;76;4;2970;2020-02-20
 EL INCRE√çBLE VLOG DE WTE 9;94;4;1628;2020-02-20
 Dar√≠o Eme Hache y el Madrid Gal√°ctico;268;8;8049;2020-02-20
 Laura M√°rquez + Pilar de Francisco + Borja Sumozas: Qu√© grandes los porros;106;0;3515;2020-02-19
 Calvicie Total - con Henar √Ålvarez;61;8;2786;2020-02-19
 ¬°Qu√© grandes las sectas!;118;16;4931;2020-02-19
 Beauty Brain tiene una movida;501;14;20.857;2020-02-18
 Chicos malos;403;12;15.103;2020-02-18
 Las peores series espa√±olas, con Fran Perea;69;3;1676;2020-02-18
 Entrevista a Juanma Su√°rez;176;2;3279;2020-02-17
 El PROL, con Fe√±a Ortalli;69;2;1864;2020-02-17
 Google Stadia y el traje de Spiderman;43;2;1230;2020-02-17
 C√°llate un siglo, Valent√≠n;32;3;982;2020-02-16
 David Serrano. El verdugo;64;0;1784;2020-02-16
 Netflix, gatos, cervezas y mujeres amargadas;75;1;1814;2020-02-15
 Amor, el programa poco especializado;146;3;4703;2020-02-15
 The Room: Lo mejor de lo peor + Greg Sesteros;11;3;517;2020-02-14
 Estos son los nuevos Galaxy S20;83;1;1363;2020-02-14
 Adopta Un Abuelo ‚Äì Aprender de nuestros mayores üë¥üèªüëµ;12;4;345;2020-02-14
 Alberto Casado y el Cholismo;221;8;6773;2020-02-14
 Con Fernando Navarro;19;3;979;2020-02-13
 Pilar de Francisco y Laura M√°rquez, El fin del mundo;68;4;3520;2020-02-13
 El economista - con Christian Flores;57;2;1930;2020-02-12
 √Ålvaro Velasco + Chuso Montero: Cachitos y Chavalitos;161;2;3901;2020-02-12
 En los Oscars;570;28;22.306;2020-02-12
 Nacho Garc√≠a: Cumplimos un a√±o;234;4;9204;2020-02-11
 Los peores realities de la historia de Espa√±a;47;1;1797;2020-02-11
 Juanra Bonet (parte 2), Isa P y rabietas infantiles;52;1;1543;2020-02-10
 Los Motores, con Ainhoa Vilar;119;4;3574;2020-02-10
 Javier Oca√±a y la mirada ;22;1;765;2020-02-10
 ¬°Hemos vuelto!;75;2;1607;2020-02-10
 ¬øRobos en UFC247? y entrevista a Julio Santana;304;7;4440;2020-02-10
 Miguel Iribar. La gran belleza;130;5;4008;2020-02-09
 Descorchar el champan y cuello de lesbiana;95;21;4028;2020-02-08
 Omitir Oscars;15;3;734;2020-02-07
 Sergio Fern√°ndez ‚Äì Crecimiento personal para una vida plena üìàüí™;22;4;719;2020-02-07
 Especial WTE 9 con Darwin Rodr√≠guez y Hecher Sosa;80;1;2004;2020-02-06
 Ingrid Garc√≠a Jonsson y Yorya, H.D.P.;356;9;10.367;2020-02-06
 Con Ariel Rot;40;0;2263;2020-02-06
 Carolina Durante: F√∫mate uno, Cayetano;84;3;3831;2020-02-05
 Saltos temporales - con Daniel Pistola;89;3;2366;2020-02-05
 Erea Azurmendi: Las peque√±as cosas y la luz;11;4;567;2020-02-05
 Especial premios Oscar: Marta Medina y Santi Alver√∫;150;13;8471;2020-02-04
 Peores personajes de la historia con Manuel Huedo;68;3;1967;2020-02-04
 Marinandonos Una;590;13;20.216;2020-02-04
 Las mayores sorpresas de la historia de las MMA;110;3;2295;2020-02-03
 Tu √∫ltima semana de vida;53;5;1989;2020-02-01
 Premios y pol√©micas;160;3;5647;2020-02-01
 Especial Asia;11;1;664;2020-01-31
 As√≠ ser√° el GALAXY Z FLIP;85;2;1310;2020-01-31
 Grosso Napoletano ‚Äì La mejor pizza de Espa√±a üçï;18;2;969;2020-01-31
 Con David (LimboStar)¬†y Andr√©s (Mallorca Live);13;1;886;2020-01-30
 Barriocanal y Tenorio, El Fin del Mundo;63;3;2151;2020-01-30
 Prevenci√≥n del Abuso Sexual con Yaiza Redlights;119;9;3024;2020-01-30
 La Muerte;15;4;604;2020-01-30
 Un respeto a Kobe - con David Su√°rez;87;8;3784;2020-01-29
 la melma canaria ft Ellegas y Cruz Cafune;3811;66;127.022;2020-01-29
 Chento M√°rquez, Bellator y Michael Chandler;149;0;2594;2020-01-28
 √Ålex Clavero: Una cervecita para el Francotirarock;141;7;6883;2020-01-28
 Las peores parejas de la historia, con Elsa Ruiz;37;5;1139;2020-01-28
 Juanra Bonet (parte 1), resaca de Reyes Magos y padres narcos;66;3;1906;2020-01-27
 Xavi Daura viene a salvar Wuhan;783;17;36.271;2020-01-27
 Iggy Rubin. Ocean‚Äôs Eleven;176;10;6136;2020-01-26
 Guillermo Fern√°ndez-V√°zquez y el populismo;16;5;748;2020-01-26
 Amigos, pu√±aladas y ouijas;167;2;5175;2020-01-25
 Travis Birds: La mediocridad no existe;24;3;1113;2020-01-24
 El de Succession;12;1;531;2020-01-24
 Zapatillas Pompeii ‚Äì Emprender desde la universidad üëüüöÄ;16;3;694;2020-01-24
 Con Josu Garc√≠a;28;1;1106;2020-01-23
 Miguel Maldonado y Jos√© Cabrera, Black Stories;187;13;9265;2020-01-23
 Positivismo con una Madre Molona;30;4;1093;2020-01-23
 El Fin del Mundo (con Enrique El Grande otra vez);10;5;444;2020-01-23
 Vera Montessori + Gafas Amarillas: Marihuana Fashion Serie Z Week;65;7;2403;2020-01-22
 C√≥mo ser Miguel Ir√≠bar - con Miguel Ir√≠bar;55;3;2680;2020-01-22
 Borja Sumozas: El Ambientado Culpable;124;6;6090;2020-01-21
 Marina Dor. ¬°Qu√© guay! con Loulogio;132;1;3628;2020-01-21
 Los lunes saben a litro en el parque;946;19;39.664;2020-01-21
 Conor McGregor noquea a Cerrone - El an√°lisis;301;11;8459;2020-01-20
 Programa de Redenci√≥n;654;13;24.142;2020-01-19
 Javier Botet - Johnny cogi√≥ su fusil;88;1;2610;2020-01-19
 M√∫sicos, bolos malos y gente diab√≥lica;170;6;5358;2020-01-18
 The Witcher, H√©rcules y Xena;12;4;645;2020-01-17
 Adivinamos los nuevos Galaxy S20!;89;2;1443;2020-01-17
 Santi Alver√∫ ‚Äì Emprendedor, nominado a un Goya, c√≥mico, cr√≠tico de cine‚Ä¶ üé≠ ‚úèÔ∏è;23;4;787;2020-01-17
 Con Ricky Lavado;19;0;1041;2020-01-16
 La Risa (con Enrique, El Grande);20;5;515;2020-01-16
Conor McGregor vs Donald Cerrone - An√°lisis completo en espa√±ol;151;14;7705;2020-01-15
 Bob Pop: Cuando ten√≠a muchos dolores el cannabis me ayudaba a dormir;238;7;8283;2020-01-15
 Lo mejor es actuar sin p√∫blico - Con Valeria Ros;78;1;2702;2020-01-15
 Esteban de Bergia - CLUB DEL R√çO: La clave es el amor;9;4;449;2020-01-15
 Con Alberto Barber√° 'McGregor es muy peligroso';359;129;9831;2020-01-14
 Agust√≠n Jim√©nez: El Inspector Gadget de la Comedia;156;8;9274;2020-01-14
 Lo del satisfyer funciona as√≠;68;7;1724;2020-01-14
 Hormonas y Mazmorras, con P√∫a y Velasco;60;6;2220;2020-01-14
 XXXSephirot69 vs Yung Beef;3236;103;131.129;2020-01-14
 Yo Interneto y el gallo malayo;411;6;14.800;2020-01-14
 Yo Interneto de Reyes;565;13;22.283;2020-01-14
 La vendision;503;21;20.165;2020-01-12
 Adriana Torrebejano. Leon (El profesional);92;2;3153;2020-01-12
 Carlos Bardem y la esclavitud;30;8;942;2020-01-12
 Misterios, teor√≠as y sodomitas;213;3;5874;2020-01-11
 Con Melifluo;19;1;1147;2020-01-11
 Repaso al CES 2020;118;3;1849;2020-01-11
 El Irland√©s;18;3;891;2020-01-10
 Too Good to Go - La app con la que salvas comida y ahorras üçóüì±;14;3;538;2020-01-10
 Salir del Armario;32;7;731;2020-01-09
 Carmen Romero: Be musgo, my friend;112;5;3506;2020-01-08
 El Infrad√≠a - Con Miguel Noguera;122;11;5704;2020-01-08
 Miki Naranja: Rendirse es necesario;11;1;530;2020-01-08
 Entrevista a Tit√≠n, puro MMA Espa√±a;963;37;33.361;2020-01-07
" ""¬°S√≠, Se√±or Oscuro!"", con Gonz√°lez-Campos y Lamas";120;7;4068;2020-01-07
 Regalos. De dioses, reyes y nazis;193;6;5721;2020-01-04
 ¬øC√≥mo vivir de tu hobby? ‚Äì Carmen de la Cerda Platos üé® üçΩÔ∏è;26;3;750;2020-01-03
 Desde Tracking Bilbao;622;10;19.443;2020-01-02
 Jorge Yorya + √Ålex Gozalo: Movidas en el sof√°;163;4;5225;2020-01-01
 La Navidad;29;6;955;2020-01-01
 Pero mira como FVMAN los peces en el rio xmas vlog;767;18;30.033;2020-01-01
 Pilar Franco Borrell: Hay que dar un golpe encima de la mesa;21;12;1652;2020-01-01
 Navidad con hermanas, cu√±adas y t√≠as sin hijos;91;5;2670;2019-12-30
 Conor McGregor Vs Donald Cerrone, El An√°lisis Definitivo;255;6;5745;2019-12-30
 Especial Navidad: Alternativas a Santa Claus y guerreros en tregua;173;4;5321;2019-12-28
 El repasito de 2019;15;3;981;2019-12-27
 Top lo mejor del a√±o 2019 en la UFC;212;3;2971;2019-12-27
 El segundo producto m√°s pedido en Glovo ‚Äì Manolo Bakes ü•êüõµ;34;9;1151;2019-12-27
 Especial Cagadas - Con Jorge Yorya;78;4;3640;2019-12-26
 Danny Boy: ¬øEnvi√≥ Sat√°n la Estrella de Bel√©n?;502;11;15.989;2019-12-24
 Lo peor de la navidad;61;3;1215;2019-12-24
 The White Knight, con Pere y Miguel Miguel;81;0;2536;2019-12-24
 Yorya y Blizzard;76;3;2425;2019-12-23
 Carlos Vermut. Hereditary;91;2;3025;2019-12-22
 Mensajes, cartas guarras y plantones;161;5;5103;2019-12-22
 Navidad;16;3;880;2019-12-20
 Los nuevos OnePlus 8 a escena!;126;5;2495;2019-12-20
  Kaco Forns - De consultor√≠a de m√°rketing a c√≥mico y guionista üë®‚Äçüíºüé§;37;4;1288;2019-12-20
 Con Camellos;28;6;1587;2019-12-19
 Transexualidad;52;11;2018;2019-12-19
 Dinah Robledillo y Rosa Ponce (Mesa Italiana): Vampirados en el sof√°;79;2;2505;2019-12-18
 No ve√°is este programa - con Adri√°n L√≥pez;50;2;1846;2019-12-18
 ¬°Qu√© grandes los pisos!;135;16;7109;2019-12-18
 Review UFC245 y la loca an√©cdota de Chris Leben;153;4;2698;2019-12-17
 Pepe Colubi: Extraordinaria normalidad;343;8;16.055;2019-12-17
 El amor;29;3;829;2019-12-17
 Con nazis y con Arturo G. Campos siempre es mejor;210;7;7113;2019-12-17
 Zombies in space, con Nus y Galder;111;3;3640;2019-12-17
 La Constituci√≥n ESPA√ëOLA;965;58;39.479;2019-12-17
 Mariam Hern√°ndez y Cosas que nadie te cuenta antes de parir;93;2;2175;2019-12-16
 Borja Cobeaga. El turista accidental;61;1;1880;2019-12-16
 Mitos, Leyendas y Game Awards;48;3;1400;2019-12-16
 Dinero, tesoros y monedas;167;2;5120;2019-12-14
 Marta Sanz y la autoficci√≥n;31;1;1081;2019-12-14
 Ponemos NOTA a TODAS LAS MARCAS!;155;6;2974;2019-12-14
 Big Little Lies;9;2;630;2019-12-13
 Richard Vaughan - Piensa BIEN y acertar√°s üìöüë®‚Äçüè´;41;2;996;2019-12-13
 The shortest parque ever;991;14;27.129;2019-12-13
 Con Gerbass y Ruly de Sidecars;24;3;1125;2019-12-12
 Veganismo;52;9;1848;2019-12-12
" Isaac ""Loulogio"" S√°nchez ha pintado uno";1854;60;76.772;2019-12-12
 Albert Boira: Ven√©reas y resaquitas;141;1;4938;2019-12-11
 La bolera de Lalo - con Lalo Tenorio;47;1;1697;2019-12-11
 Aniversario 30 parques;639;12;25.924;2019-12-11
 Usman vs Covington, Dani B√°rez e Ilia Topuria;126;1;2607;2019-12-10
 Se√±or Cheeto: Los youtubers son unos ambientaos;382;26;13.925;2019-12-10
 Juan Camus y el secreto de Camela;75;11;2972;2019-12-10
 La edad;36;6;1098;2019-12-10
 Hormonas y mazmorras, con P√∫a y Velasco;263;10;7710;2019-12-10
 Viajar al pasado;100;4;1750;2019-12-09
 Los GOTY y la Dreamcast;51;6;1904;2019-12-09
 The Boys y la gripe;27;9;1230;2019-12-06
 ¬øC√≥mo ser√°n los iPhone 2020?;250;8;4276;2019-12-06
 Salvar el mundo botella a botella - Taiti Agua üö∞‚ôªÔ∏è;15;2;429;2019-12-06
 Con Juan Santaner;32;1;1460;2019-12-05
